{
    "groups": {
        "14_105x15_50_0.1_O": {
            "ms": {
                "mean": 191.61343613999998,
                "std": 32.847928487807806,
                "min": 155.64437572999998,
                "max": 220.02180565
            },
            "n": 3,
            "mean": 191613436.14,
            "std": 32847928.487807803,
            "min": 155644375.73,
            "max": 220021805.65,
            "values": [
                155644375.73,
                220021805.65,
                199174127.04
            ]
        },
        "1_30x15_10_0.1_R": {
            "ms": {
                "mean": 0.04955720180413746,
                "std": 0.0156337542463493,
                "min": 0.032885604958558724,
                "max": 0.06388947133909868
            },
            "n": 3,
            "mean": 49557.20180413746,
            "std": 15633.7542463493,
            "min": 32885.604958558724,
            "max": 63889.47133909869,
            "values": [
                63889.47133909869,
                32885.604958558724,
                51896.52911475496
            ]
        },
        "6_30x15_30_0.1_O": {
            "ms": {
                "mean": 33.789052858333335,
                "std": 4.850826803034372,
                "min": 28.66676614,
                "max": 38.312886909999996
            },
            "n": 3,
            "mean": 33789052.858333334,
            "std": 4850826.803034372,
            "min": 28666766.14,
            "max": 38312886.91,
            "values": [
                34387505.525,
                38312886.91,
                28666766.14
            ]
        },
        "17_105x105_100_0.2_R": {
            "ms": {
                "mean": 176.23834562666667,
                "std": 33.41156705609619,
                "min": 137.66002945,
                "max": 195.87094785
            },
            "n": 3,
            "mean": 176238345.62666667,
            "std": 33411567.05609619,
            "min": 137660029.45,
            "max": 195870947.85,
            "values": [
                195184059.58,
                195870947.85,
                137660029.45
            ]
        },
        "9_105x15_30_0.2_R": {
            "ms": {
                "mean": 11.483686519888888,
                "std": 1.6465637275306289,
                "min": 9.783043226666669,
                "max": 13.070235985
            },
            "n": 3,
            "mean": 11483686.519888887,
            "std": 1646563.727530629,
            "min": 9783043.226666668,
            "max": 13070235.985,
            "values": [
                13070235.985,
                9783043.226666668,
                11597780.348
            ]
        },
        "12_105x15_40_0.1_O": {
            "ms": {
                "mean": 196.99263950666665,
                "std": 48.75009552258722,
                "min": 150.39364439,
                "max": 247.64121482
            },
            "n": 3,
            "mean": 196992639.50666666,
            "std": 48750095.522587225,
            "min": 150393644.39,
            "max": 247641214.82,
            "values": [
                150393644.39,
                247641214.82,
                192943059.31
            ]
        },
        "18_105x105_100_0.2_O": {
            "ms": {
                "mean": 280.37366469333335,
                "std": 37.81238602432619,
                "min": 245.13126025999998,
                "max": 320.31652083999995
            },
            "n": 3,
            "mean": 280373664.6933333,
            "std": 37812386.02432619,
            "min": 245131260.26,
            "max": 320316520.84,
            "values": [
                245131260.26,
                275673212.98,
                320316520.84
            ]
        },
        "20_105x105_200_0.2_O": {
            "ms": {
                "mean": 211.67697789,
                "std": 14.503258455122484,
                "min": 197.15588578999999,
                "max": 226.16233666999997
            },
            "n": 3,
            "mean": 211676977.89,
            "std": 14503258.455122484,
            "min": 197155885.79,
            "max": 226162336.67,
            "values": [
                226162336.67,
                211712711.21,
                197155885.79
            ]
        },
        "15_105x105_50_0.2_R": {
            "ms": {
                "mean": 10.042759461222222,
                "std": 0.21160711733135273,
                "min": 9.803010471666669,
                "max": 10.203473748000002
            },
            "n": 3,
            "mean": 10042759.461222222,
            "std": 211607.11733135273,
            "min": 9803010.47166667,
            "max": 10203473.748000002,
            "values": [
                9803010.47166667,
                10121794.163999995,
                10203473.748000002
            ]
        },
        "16_105x105_50_0.2_O": {
            "ms": {
                "mean": 11.28108339545238,
                "std": 2.6665269417776774,
                "min": 8.23973936285714,
                "max": 13.2177311175
            },
            "n": 3,
            "mean": 11281083.39545238,
            "std": 2666526.9417776773,
            "min": 8239739.362857141,
            "max": 13217731.1175,
            "values": [
                8239739.362857141,
                12385779.705999997,
                13217731.1175
            ]
        },
        "11_105x15_40_0.1_R": {
            "ms": {
                "mean": 127.40771094,
                "std": 21.62046713930096,
                "min": 105.19347187999999,
                "max": 148.38094858000002
            },
            "n": 3,
            "mean": 127407710.94,
            "std": 21620467.13930096,
            "min": 105193471.88,
            "max": 148380948.58,
            "values": [
                148380948.58,
                105193471.88,
                128648712.36
            ]
        },
        "2_30x15_10_0.1_O": {
            "ms": {
                "mean": 0.03794775309709467,
                "std": 0.01722035157538885,
                "min": 0.02285640487696856,
                "max": 0.05670631778248083
            },
            "n": 3,
            "mean": 37947.753097094675,
            "std": 17220.35157538885,
            "min": 22856.40487696856,
            "max": 56706.31778248083,
            "values": [
                56706.31778248083,
                34280.53663183464,
                22856.40487696856
            ]
        },
        "8_105x15_20_0.4_O": {
            "ms": {
                "mean": 0.1875958332101626,
                "std": 0.04387204850063025,
                "min": 0.1418944187538076,
                "max": 0.22937514781336912
            },
            "n": 3,
            "mean": 187595.8332101626,
            "std": 43872.04850063025,
            "min": 141894.4187538076,
            "max": 229375.1478133691,
            "values": [
                141894.4187538076,
                229375.1478133691,
                191517.9330633111
            ]
        },
        "13_105x15_50_0.1_R": {
            "ms": {
                "mean": 154.44534331,
                "std": 7.859505696188335,
                "min": 149.2657369,
                "max": 163.48887318
            },
            "n": 3,
            "mean": 154445343.31,
            "std": 7859505.696188335,
            "min": 149265736.9,
            "max": 163488873.18,
            "values": [
                149265736.9,
                150581419.85,
                163488873.18
            ]
        },
        "5_30x15_30_0.1_R": {
            "ms": {
                "mean": 16.611967276666668,
                "std": 1.9602309861579328,
                "min": 15.403031965,
                "max": 18.87365009000001
            },
            "n": 3,
            "mean": 16611967.27666667,
            "std": 1960230.9861579328,
            "min": 15403031.965,