{
  "groups": {
    "F3_Parallel_Culture_RB_v1.0": {
      "ms": {
        "mean": 0.2011704509659476,
        "std": 0.0,
        "min": 0.2011704509659476,
        "max": 0.2011704509659476
      },
      "n": 1,
      "mean": 201170.4509659476,
      "std": 0.0,
      "min": 201170.4509659476,
      "max": 201170.4509659476,
      "values": [
        201170.4509659476
      ]
    },
    "F2_MOOC+Sensor_Culture_RB_v1.0": {
      "ms": {
        "mean": 2.2009837526086966,
        "std": 0.0,
        "min": 2.2009837526086966,
        "max": 2.2009837526086966
      },
      "n": 1,
      "mean": 2200983.7526086965,
      "std": 0.0,
      "min": 2200983.7526086965,
      "max": 2200983.7526086965,
      "values": [
        2200983.7526086965
      ]
    },
    "F1_MOOC_Culture_RB_v1.0": {
      "ms": {
        "mean": 1.7489153985050565,
        "std": 0.0,
        "min": 1.7489153985050565,
        "max": 1.7489153985050565
      },
      "n": 1,
      "mean": 1748915.3985050565,
      "std": 0.0,
      "min": 1748915.3985050565,
      "max": 1748915.3985050565,
      "values": [
        1748915.3985050565
      ]
    }
  }
}