{
    "groups": {
        "test2": {
            "n": 5,
            "mean": 11609957.9845,
            "std": 4245892.009711581,
            "min": 4618437.699999999,
            "max": 15974499.6825,
            "values": [
                4618437.699999999,
                11932778.734,
                15974499.6825,
                13604957.66,
                11919116.145999996
            ]
        }
    }
}